# {"t_start": 1594723765.606319, "env_id": "HalfCheetahSparse-v3"} 
r,l,t
0.0,500,1.748461
0.0,500,2.170407
0.0,500,2.592505
0.0,500,3.013728
0.0,500,10.91182
0.0,500,11.335848
0.0,500,11.759908
0.0,500,12.184546
0.0,500,46.190944
0.0,500,46.613042
0.0,500,47.034845
0.0,500,47.456978
0.0,500,81.249786
0.0,500,81.750808
0.0,500,82.244911
0.0,500,82.713519
0.0,500,116.296159
0.0,500,116.717588
0.0,500,117.139102
0.0,500,117.560022
0.0,500,148.089955
0.0,500,148.54443
0.0,500,149.005953
0.0,500,149.455666
0.0,500,180.39128
0.0,500,180.865303
0.0,500,181.431457
0.0,500,182.022303
0.0,500,221.062631
0.0,500,221.5872
0.0,500,222.054609
0.0,500,222.616598
0.0,500,258.880104
0.0,500,259.479939
169.0,500,259.9439
0.0,500,260.407055
0.0,500,296.611286
0.0,500,297.130191
0.0,500,297.778625
0.0,500,298.49432
0.0,500,337.48884
0.0,500,337.945451
0.0,500,338.403697
0.0,500,338.860274
0.0,500,339.326587
0.0,500,376.653995
0.0,500,377.312114
0.0,500,377.81335
0.0,500,378.378948
55.0,500,416.274296
0.0,500,416.895763
0.0,500,417.357633
0.0,500,417.819187
0.0,500,454.198894
0.0,500,454.660365
0.0,500,455.121414
0.0,500,455.591621
0.0,500,492.176522
0.0,500,492.701838
0.0,500,493.161676
0.0,500,493.639076
0.0,500,531.115971
0.0,500,531.574209
0.0,500,532.032949
0.0,500,532.518617
0.0,500,571.137167
0.0,500,571.744212
0.0,500,572.322172
0.0,500,572.879178
0.0,500,609.627255
0.0,500,610.127699
0.0,500,610.612272
0.0,500,611.075573
0.0,500,649.949032
0.0,500,650.405927
0.0,500,650.86296
0.0,500,651.320469
0.0,500,688.99141
0.0,500,689.451847
0.0,500,689.939883
0.0,500,690.401184
0.0,500,728.774975
0.0,500,729.250812
0.0,500,729.742279
0.0,500,730.206569
0.0,500,730.667905
0.0,500,767.15634
0.0,500,767.613861
0.0,500,768.070803
0.0,500,768.527991
0.0,500,806.077421
0.0,500,806.535818
0.0,500,806.995275
0.0,500,807.47694
0.0,500,843.111322
0.0,500,843.741795
0.0,500,844.454306
0.0,500,844.920171
0.0,500,882.010061
0.0,500,882.467016
0.0,500,882.922429
0.0,500,883.378837
0.0,500,922.153282
0.0,500,922.610647
0.0,500,923.175996
0.0,500,923.638961
0.0,500,962.38568
0.0,500,962.844133
0.0,500,963.340327
0.0,500,963.857855
0.0,500,1002.271012
0.0,500,1002.728702
0.0,500,1003.24434
0.0,500,1003.703737
0.0,500,1040.871449
0.0,500,1041.334259
0.0,500,1041.796189
0.0,500,1042.411084
0.0,500,1080.357176
0.0,500,1080.8171
0.0,500,1081.307994
0.0,500,1081.767604
0.0,500,1118.739651
0.0,500,1119.260098
0.0,500,1119.718931
0.0,500,1120.178537
0.0,500,1155.685418
0.0,500,1156.289689
0.0,500,1156.903804
0.0,500,1157.454516
0.0,500,1157.94765
0.0,500,1195.33189
0.0,500,1195.797324
0.0,500,1196.259298
0.0,500,1196.821047
0.0,500,1233.453701
0.0,500,1234.030802
0.0,500,1234.502857
0.0,500,1235.035218
0.0,500,1272.407581
0.0,500,1272.871442
0.0,500,1273.438464
74.0,500,1273.902597
0.0,500,1311.178829
0.0,500,1311.63964
0.0,500,1312.100867
0.0,500,1312.672409
0.0,500,1348.165189
0.0,500,1348.663927
0.0,500,1349.130276
0.0,500,1349.610696
0.0,500,1386.755474
0.0,500,1387.213584
0.0,500,1387.729979
0.0,500,1388.233201
0.0,500,1425.116301
0.0,500,1425.672695
0.0,500,1426.25615
0.0,500,1426.813565
0.0,500,1463.908596
0.0,500,1464.374233
143.0,500,1464.840066
88.0,500,1465.349074
0.0,500,1503.058353
0.0,500,1503.530975
0.0,500,1504.001766
0.0,500,1504.467356
0.0,500,1542.136457
0.0,500,1542.598773
0.0,500,1543.060561
0.0,500,1543.571809
0.0,500,1544.031637
0.0,500,1580.610697
0.0,500,1581.255269
0.0,500,1581.753221
0.0,500,1582.418432
0.0,500,1621.621937
0.0,500,1622.139262
0.0,500,1622.61885
0.0,500,1623.111903
0.0,500,1661.413229
0.0,500,1661.873327
166.0,500,1662.386559
0.0,500,1662.95765
0.0,500,1699.141307
0.0,500,1699.778705
0.0,500,1700.238613
0.0,500,1700.697752
0.0,500,1738.349368
0.0,500,1738.806624
0.0,500,1739.264507
191.0,500,1739.722149
0.0,500,1777.479706
0.0,500,1777.94223
0.0,500,1778.404579
0.0,500,1778.875196
0.0,500,1816.159937
0.0,500,1816.620769
0.0,500,1817.084797
0.0,500,1817.616668
0.0,500,1854.788161
0.0,500,1855.263308
0.0,500,1855.780195
0.0,500,1856.358172
0.0,500,1894.089903
0.0,500,1894.558876
0.0,500,1895.118418
0.0,500,1895.58297
0.0,500,1932.764978
0.0,500,1933.353776
0.0,500,1933.815116
4.0,500,1934.324453
0.0,500,1971.36483
0.0,500,1972.035791
66.0,500,1972.545553
0.0,500,1973.035026
0.0,500,1973.50289
0.0,500,2011.25964
0.0,500,2011.728587
0.0,500,2012.299693
28.0,500,2012.756817
0.0,500,2050.392554
0.0,500,2050.856113
5.0,500,2051.325099
0.0,500,2051.794486
11.0,500,2089.98187
0.0,500,2090.583127
0.0,500,2091.041359
0.0,500,2091.49846
0.0,500,2127.832076
0.0,500,2128.461367
71.0,500,2128.937583
0.0,500,2129.477226
0.0,500,2166.076503
0.0,500,2166.536141
234.0,500,2167.061165
0.0,500,2167.531049
69.0,500,2203.566512
0.0,500,2204.078593
0.0,500,2204.654002
83.0,500,2205.116284
0.0,500,2241.854762
0.0,500,2242.317042
0.0,500,2242.778421
0.0,500,2243.239614
0.0,500,2281.78562
0.0,500,2282.251489
0.0,500,2282.708114
0.0,500,2283.200987
0.0,500,2320.238966
0.0,500,2320.69864
0.0,500,2321.208229
0.0,500,2321.674705
0.0,500,2358.471232
0.0,500,2358.929818
0.0,500,2359.389088
0.0,500,2359.907811
0.0,500,2360.482721
0.0,500,2396.592829
0.0,500,2397.058458
0.0,500,2397.517428
0.0,500,2397.976171
164.0,500,2435.624956
0.0,500,2436.114616
0.0,500,2436.647444
18.0,500,2437.110674
0.0,500,2475.221542
0.0,500,2475.757117
0.0,500,2476.269015
0.0,500,2476.737519
0.0,500,2514.558365
0.0,500,2515.024158
0.0,500,2515.487241
0.0,500,2515.951962
0.0,500,2553.069013
315.0,500,2553.529162
264.0,500,2554.039817
0.0,500,2554.505116
259.0,500,2592.529032
0.0,500,2593.249017
0.0,500,2593.765741
0.0,500,2594.227767
0.0,500,2631.805345
240.0,500,2632.28904
0.0,500,2632.859145
0.0,500,2633.342675
0.0,500,2671.460101
0.0,500,2671.938112
0.0,500,2672.408186
0.0,500,2672.88055
0.0,500,2710.55023
311.0,500,2711.018422
0.0,500,2711.686484
254.0,500,2712.157785
210.0,500,2749.265932
0.0,500,2749.734242
0.0,500,2750.195852
0.0,500,2750.659399
0.0,500,2751.197718
0.0,500,2789.964733
31.0,500,2790.425075
327.0,500,2790.894289
0.0,500,2791.512138
75.0,500,2829.495596
0.0,500,2829.962013
31.0,500,2830.431698
198.0,500,2831.024363
0.0,500,2868.174723
114.0,500,2868.640023
0.0,500,2869.162959
0.0,500,2869.818894
263.0,500,2905.168717
0.0,500,2905.752095
0.0,500,2906.220324
0.0,500,2906.760889
64.0,500,2944.108444
0.0,500,2944.571001
0.0,500,2945.09404
0.0,500,2945.56888
50.0,500,2982.228242
149.0,500,2982.694596
0.0,500,2983.218259
0.0,500,2983.797855
221.0,500,3019.938902
0.0,500,3020.523069
30.0,500,3020.980473
13.0,500,3021.455327
24.0,500,3058.4358
0.0,500,3059.037768
0.0,500,3059.551801
83.0,500,3060.059464
302.0,500,3097.462611
163.0,500,3097.922932
0.0,500,3098.387727
0.0,500,3098.857517
0.0,500,3137.089723
0.0,500,3137.608065
93.0,500,3138.071545
0.0,500,3138.534143
0.0,500,3175.644084
238.0,500,3176.099954
10.0,500,3176.59204
153.0,500,3177.086317
0.0,500,3177.543555
32.0,500,3213.858158
86.0,500,3214.319487
29.0,500,3214.782871
0.0,500,3215.260737
0.0,500,3252.478612
0.0,500,3252.993688
0.0,500,3253.515605
0.0,500,3254.034652
0.0,500,3291.223452
188.0,500,3291.685818
0.0,500,3292.220705
0.0,500,3292.697146
330.0,500,3330.608689
0.0,500,3331.071926
4.0,500,3331.555743
0.0,500,3332.028244
0.0,500,3368.80552
0.0,500,3369.274499
352.0,500,3369.799045
121.0,500,3370.313698
153.0,500,3407.596507
0.0,500,3408.057388
86.0,500,3408.583327
245.0,500,3409.11712
0.0,500,3446.975012
313.0,500,3447.454664
166.0,500,3448.027375
78.0,500,3448.503709
0.0,500,3484.239961
77.0,500,3484.862313
0.0,500,3485.335359
0.0,500,3485.799026
155.0,500,3523.454908
188.0,500,3523.916762
0.0,500,3524.40906
160.0,500,3524.874339
0.0,500,3561.140582
297.0,500,3561.602354
390.0,500,3562.062895
0.0,500,3562.555048
0.0,500,3563.025628
371.0,500,3602.405563
0.0,500,3602.923823
277.0,500,3603.37999
0.0,500,3603.835666
0.0,500,3640.288421
0.0,500,3640.888716
348.0,500,3641.353583
60.0,500,3641.810525
0.0,500,3677.453253
0.0,500,3677.918589
237.0,500,3678.377662
0.0,500,3678.836743
347.0,500,3715.267297
15.0,500,3715.727715
203.0,500,3716.189115
0.0,500,3716.650929
0.0,500,3753.943766
313.0,500,3754.403805
0.0,500,3754.861727
212.0,500,3755.327678
189.0,500,3791.545275
111.0,500,3792.105036
129.0,500,3792.606508
340.0,500,3793.072057
346.0,500,3831.694139
107.0,500,3832.184287
0.0,500,3832.64132
326.0,500,3833.113531
376.0,500,3871.632395
347.0,500,3872.091574
15.0,500,3872.550606
368.0,500,3873.009003
356.0,500,3909.169181
226.0,500,3909.630509
50.0,500,3910.090925
271.0,500,3910.551072
314.0,500,3948.08697
271.0,500,3948.668324
0.0,500,3949.128355
0.0,500,3949.590394
0.0,500,3987.905018
0.0,500,3988.509423
309.0,500,3989.063919
212.0,500,3989.553934
293.0,500,3990.014106
320.0,500,4026.264179
0.0,500,4026.721365
117.0,500,4027.179574
196.0,500,4027.73698
277.0,500,4064.125907
0.0,500,4064.648666
327.0,500,4065.176372
227.0,500,4065.635307
286.0,500,4102.161073
212.0,500,4102.629248
54.0,500,4103.090748
316.0,500,4103.557135
127.0,500,4139.930457
363.0,500,4140.391829
0.0,500,4140.904402
167.0,500,4141.406749
111.0,500,4177.781544
84.0,500,4178.285211
263.0,500,4178.743595
190.0,500,4179.202014
0.0,500,4216.547691
270.0,500,4217.008541
353.0,500,4217.468948
144.0,500,4217.926905
0.0,500,4254.558829
78.0,500,4255.019945
0.0,500,4255.480582
94.0,500,4255.941519
140.0,500,4292.441609
289.0,500,4292.903934
281.0,500,4293.474297
337.0,500,4293.93506
0.0,500,4331.08873
0.0,500,4331.621939
162.0,500,4332.17588
264.0,500,4332.657659
183.0,500,4370.270702
250.0,500,4370.762373
85.0,500,4371.22212
332.0,500,4371.681083
214.0,500,4372.139471
107.0,500,4408.447579
264.0,500,4408.904935
0.0,500,4409.364104
205.0,500,4409.828294
185.0,500,4446.570477
225.0,500,4447.094019
303.0,500,4447.550988
270.0,500,4448.007797
288.0,500,4484.745444
174.0,500,4485.202434
339.0,500,4485.659602
357.0,500,4486.245155
189.0,500,4522.813474
216.0,500,4523.27884
296.0,500,4523.737463
369.0,500,4524.243609
361.0,500,4563.146948
372.0,500,4563.634031
224.0,500,4564.242772
389.0,500,4564.71796
235.0,500,4605.334017
51.0,500,4606.039407
387.0,500,4606.532491
224.0,500,4607.027709
343.0,500,4647.141579
128.0,500,4647.603578
393.0,500,4648.066573
162.0,500,4648.537062
0.0,500,4685.663304
403.0,500,4686.184548
280.0,500,4686.759007
330.0,500,4687.222611
331.0,500,4726.699306
277.0,500,4727.197431
263.0,500,4727.677567
181.0,500,4728.165777
322.0,500,4766.039306
379.0,500,4766.508513
278.0,500,4766.975458
367.0,500,4767.437855
342.0,500,4767.935564
299.0,500,4805.672686
327.0,500,4806.159019
193.0,500,4806.689909
309.0,500,4807.168768
340.0,500,4845.762715
360.0,500,4846.284846
243.0,500,4846.892016
285.0,500,4847.353051
345.0,500,4885.299157
399.0,500,4886.017978
334.0,500,4886.579147
325.0,500,4887.111331
300.0,500,4924.731577
421.0,500,4925.243901
294.0,500,4925.706609
321.0,500,4926.213839
339.0,500,4963.348998
257.0,500,4963.819273
311.0,500,4964.435856
333.0,500,4964.938689
333.0,500,5003.656496
257.0,500,5004.268224
368.0,500,5004.755452
344.0,500,5005.247342
327.0,500,5042.872795
383.0,500,5043.337298
277.0,500,5043.799729
152.0,500,5044.261784
285.0,500,5083.18241
364.0,500,5083.716227
30.0,500,5084.203241
214.0,500,5084.675332
291.0,500,5122.627953
356.0,500,5123.087407
349.0,500,5123.546829
374.0,500,5124.006615
286.0,500,5161.699995
272.0,500,5162.164639
300.0,500,5162.628944
261.0,500,5163.094149
329.0,500,5200.196662
320.0,500,5200.684219
218.0,500,5201.142586
263.0,500,5201.60051
151.0,500,5202.065517
322.0,500,5238.129091
263.0,500,5238.637376
326.0,500,5239.117904
333.0,500,5239.59568
119.0,500,5278.482993
371.0,500,5278.997449
280.0,500,5279.469872
221.0,500,5280.144241
297.0,500,5318.15714
339.0,500,5318.633129
213.0,500,5319.108053
321.0,500,5319.735226
344.0,500,5358.845042
249.0,500,5359.314824
11.0,500,5359.782754
324.0,500,5360.250173
253.0,500,5400.490592
0.0,500,5400.984806
341.0,500,5401.527463
158.0,500,5402.000721
146.0,500,5439.256152
396.0,500,5439.770426
374.0,500,5440.229294
367.0,500,5440.760521
291.0,500,5477.246933
274.0,500,5477.7057
193.0,500,5478.163449
370.0,500,5478.656134
348.0,500,5516.687168
284.0,500,5517.154187
232.0,500,5517.617162
355.0,500,5518.086646
189.0,500,5554.735255
398.0,500,5555.19185
388.0,500,5555.655154
295.0,500,5556.113536
374.0,500,5591.805411
357.0,500,5592.366081
217.0,500,5593.021381
372.0,500,5593.6415
376.0,500,5594.103323
371.0,500,5631.148592
291.0,500,5631.609764
306.0,500,5632.068768
276.0,500,5632.670049
251.0,500,5669.450696
406.0,500,5670.082354
0.0,500,5670.551193
195.0,500,5671.010323
408.0,500,5707.482945
334.0,500,5707.943074
257.0,500,5708.460323
220.0,500,5708.924577
346.0,500,5746.143912
328.0,500,5746.608456
277.0,500,5747.070538
349.0,500,5747.531296
396.0,500,5784.908713
298.0,500,5785.375809
307.0,500,5786.087141
192.0,500,5786.6371
112.0,500,5825.172508
341.0,500,5825.890482
354.0,500,5826.464355
226.0,500,5827.127481
401.0,500,5865.155388
339.0,500,5865.617602
357.0,500,5866.080409
132.0,500,5866.5478
275.0,500,5904.519648
351.0,500,5905.000215
398.0,500,5905.558541
373.0,500,5906.027863
367.0,500,5943.105229
288.0,500,5943.568638
353.0,500,5944.030776
219.0,500,5944.575499
372.0,500,5981.092124
373.0,500,5981.603002
335.0,500,5982.06443
352.0,500,5982.547632
151.0,500,6020.508886
258.0,500,6020.974137
304.0,500,6021.486913
365.0,500,6022.020313
326.0,500,6022.662799
361.0,500,6059.60814
315.0,500,6060.068009
378.0,500,6060.526052
111.0,500,6061.027835
363.0,500,6099.123145
379.0,500,6099.726031
429.0,500,6100.191054
250.0,500,6100.65213
343.0,500,6137.259374
388.0,500,6137.719122
377.0,500,6138.180954
389.0,500,6138.712458
319.0,500,6176.642268
379.0,500,6177.181463
355.0,500,6177.714544
366.0,500,6178.255179
270.0,500,6214.298683
323.0,500,6214.877197
273.0,500,6215.458271
280.0,500,6215.925454
359.0,500,6251.636245
270.0,500,6252.092235
328.0,500,6252.653929
358.0,500,6253.218504
306.0,500,6290.154635
156.0,500,6290.753538
385.0,500,6291.294225
262.0,500,6291.765097
340.0,500,6327.511345
142.0,500,6328.014363
319.0,500,6328.478526
327.0,500,6329.05857
297.0,500,6365.964617
382.0,500,6366.433155
122.0,500,6367.061929
399.0,500,6367.524984
297.0,500,6404.686635
19.0,500,6405.151298
386.0,500,6405.615098
402.0,500,6406.078933
326.0,500,6406.63359
345.0,500,6444.529891
235.0,500,6445.045659
304.0,500,6445.642495
374.0,500,6446.12746
353.0,500,6483.76474
291.0,500,6484.22484
385.0,500,6484.690103
327.0,500,6485.148214
153.0,500,6521.911292
368.0,500,6522.412094
356.0,500,6522.87516
368.0,500,6523.338176
377.0,500,6560.027546
316.0,500,6560.523846
372.0,500,6560.982319
420.0,500,6561.495379
293.0,500,6599.758575
373.0,500,6600.225648
298.0,500,6600.703584
323.0,500,6601.273081
373.0,500,6640.475691
0.0,500,6641.127442
211.0,500,6641.629001
208.0,500,6642.094751
389.0,500,6679.307502
374.0,500,6679.782125
128.0,500,6680.258036
234.0,500,6680.715988
386.0,500,6717.220683
0.0,500,6717.69217
333.0,500,6718.247986
335.0,500,6718.726212
230.0,500,6757.557954
332.0,500,6758.144581
307.0,500,6758.648761
375.0,500,6759.177697
381.0,500,6796.039493
177.0,500,6796.501595
305.0,500,6796.963689
293.0,500,6797.424695
245.0,500,6835.854817
250.0,500,6836.330324
216.0,500,6836.887807
89.0,500,6837.348436
408.0,500,6837.809699
421.0,500,6876.08272
227.0,500,6876.54888
287.0,500,6877.093692
353.0,500,6877.612669
416.0,500,6915.329446
420.0,500,6915.850941
367.0,500,6916.312112
358.0,500,6916.888602
382.0,500,6953.442366
285.0,500,6953.901998
415.0,500,6954.477752
355.0,500,6954.948404
337.0,500,6991.840209
343.0,500,6992.303514
334.0,500,6992.822819
343.0,500,6993.281147
316.0,500,7030.634978
357.0,500,7031.093704
210.0,500,7031.553527
322.0,500,7032.013224
319.0,500,7069.171288
237.0,500,7069.629928
375.0,500,7070.088918
371.0,500,7070.594511
275.0,500,7107.212514
281.0,500,7107.675424
311.0,500,7108.132585
394.0,500,7108.591419
409.0,500,7145.867988
254.0,500,7146.347561
357.0,500,7146.813191
0.0,500,7147.358139
4.0,500,7183.800985
309.0,500,7184.380511
226.0,500,7184.855464
281.0,500,7185.352605
303.0,500,7223.072094
394.0,500,7223.70461
306.0,500,7224.331908
286.0,500,7224.790862
428.0,500,7225.250005
330.0,500,7261.412039
337.0,500,7261.879332
314.0,500,7262.347413
396.0,500,7262.809738
204.0,500,7300.625615
369.0,500,7301.096962
198.0,500,7301.650867
196.0,500,7302.115462
321.0,500,7340.886673
392.0,500,7341.397369
277.0,500,7341.868152
381.0,500,7342.352736
236.0,500,7379.774206
381.0,500,7380.240747
338.0,500,7380.889421
69.0,500,7381.557929
102.0,500,7417.205997
69.0,500,7417.711651
239.0,500,7418.171302
314.0,500,7418.633836
174.0,500,7454.524782
349.0,500,7454.983766
195.0,500,7455.491447
372.0,500,7455.95146
353.0,500,7492.670021
207.0,500,7493.210283
421.0,500,7493.776273
303.0,500,7494.236898
255.0,500,7531.740736
211.0,500,7532.203838
372.0,500,7532.667224
150.0,500,7533.178852
381.0,500,7571.263932
365.0,500,7571.727954
386.0,500,7572.189226
425.0,500,7572.700016
386.0,500,7609.280368
376.0,500,7609.80646
394.0,500,7610.276481
110.0,500,7610.739969
214.0,500,7611.212773
296.0,500,7648.554891
0.0,500,7649.150752
199.0,500,7649.615141
286.0,500,7650.077671
368.0,500,7688.273598
231.0,500,7688.74157
229.0,500,7689.30141
421.0,500,7689.815353
388.0,500,7727.947743
326.0,500,7728.41282
122.0,500,7728.877573
282.0,500,7729.343748
294.0,500,7767.054538
420.0,500,7767.598261
0.0,500,7768.216677
233.0,500,7768.790454
256.0,500,7805.53191
344.0,500,7806.00209
392.0,500,7806.508856
427.0,500,7806.978376
0.0,500,7844.123389
275.0,500,7844.586662
329.0,500,7845.06403
390.0,500,7845.539424
388.0,500,7884.38215
211.0,500,7884.847111
374.0,500,7885.344395
424.0,500,7885.810501
437.0,500,7923.104905
420.0,500,7923.726226
174.0,500,7924.211297
295.0,500,7924.681113
99.0,500,7962.069648
369.0,500,7962.580951
418.0,500,7963.044376
363.0,500,7963.510382
298.0,500,8000.635421
196.0,500,8001.109882
362.0,500,8001.577563
184.0,500,8002.043293
0.0,500,8039.855943
418.0,500,8040.327512
371.0,500,8040.813847
110.0,500,8041.373395
381.0,500,8041.87459
412.0,500,8081.265617
268.0,500,8081.728081
423.0,500,8082.194687
390.0,500,8082.655776
351.0,500,8121.076331
406.0,500,8121.542414
221.0,500,8122.029782
332.0,500,8122.494721
408.0,500,8159.548022
349.0,500,8160.007024
151.0,500,8160.526286
358.0,500,8161.142788
263.0,500,8199.575294
188.0,500,8200.105746
390.0,500,8200.630464
405.0,500,8201.10731
432.0,500,8240.394582
289.0,500,8240.936086
390.0,500,8241.408288
330.0,500,8241.875456
229.0,500,8279.42418
273.0,500,8280.074377
354.0,500,8280.545668
417.0,500,8281.009406
354.0,500,8317.999808
280.0,500,8318.464434
425.0,500,8318.929259
353.0,500,8319.394225
301.0,500,8356.635516
363.0,500,8357.099893
334.0,500,8357.560734
393.0,500,8358.077147
433.0,500,8394.510058
383.0,500,8394.976321
288.0,500,8395.56567
400.0,500,8396.037151
401.0,500,8433.836002
279.0,500,8434.365975
311.0,500,8434.826806
135.0,500,8435.295167
403.0,500,8435.987326
336.0,500,8474.792465
399.0,500,8475.281122
286.0,500,8475.818159
358.0,500,8476.366719
420.0,500,8515.023109
360.0,500,8515.711706
417.0,500,8516.331764
424.0,500,8516.897872
359.0,500,8558.670206
354.0,500,8559.297889
343.0,500,8559.768268
329.0,500,8560.253873
339.0,500,8597.874049
294.0,500,8598.337305
333.0,500,8598.801431
0.0,500,8599.475049
419.0,500,8638.969036
402.0,500,8639.514656
274.0,500,8640.043854
434.0,500,8640.564504
334.0,500,8679.057228
0.0,500,8679.52835
382.0,500,8679.994294
379.0,500,8680.46573
362.0,500,8718.11981
383.0,500,8718.695858
366.0,500,8719.162827
387.0,500,8719.639741
342.0,500,8757.958861
287.0,500,8758.595121
381.0,500,8759.231715
387.0,500,8759.860996
228.0,500,8797.692863
318.0,500,8798.168197
417.0,500,8798.647474
0.0,500,8799.128073
393.0,500,8836.933002
344.0,500,8837.400234
386.0,500,8837.920199
382.0,500,8838.383703
268.0,500,8875.070231
367.0,500,8875.572197
414.0,500,8876.037731
410.0,500,8876.551582
388.0,500,8877.064423
380.0,500,8914.421751
0.0,500,8914.888354
372.0,500,8915.349238
409.0,500,8915.813677
435.0,500,8953.312255
391.0,500,8953.790748
412.0,500,8954.260707
380.0,500,8954.75452
313.0,500,8992.992878
379.0,500,8993.460512
329.0,500,8993.971391
399.0,500,8994.43093
405.0,500,9032.743671
336.0,500,9033.21169
410.0,500,9033.69239
285.0,500,9034.195739
284.0,500,9071.556217
398.0,500,9072.02098
415.0,500,9072.493674
414.0,500,9072.958733
370.0,500,9110.600833
404.0,500,9111.076945
413.0,500,9111.588916
431.0,500,9112.051024
344.0,500,9150.14443
302.0,500,9150.96488
330.0,500,9151.633881
350.0,500,9152.149437
438.0,500,9196.438565
401.0,500,9196.90579
417.0,500,9197.376564
389.0,500,9197.842214
405.0,500,9236.61428
392.0,500,9237.171517
413.0,500,9237.635268
391.0,500,9238.098827
422.0,500,9275.152849
387.0,500,9275.622997
88.0,500,9276.243307
417.0,500,9276.706823
218.0,500,9277.174203
426.0,500,9316.085845
346.0,500,9316.747343
389.0,500,9317.265436
179.0,500,9317.762799
396.0,500,9355.540976
415.0,500,9356.01089
331.0,500,9356.561351
166.0,500,9357.164646
387.0,500,9394.623624
419.0,500,9395.143933
407.0,500,9395.667685
321.0,500,9396.148477
391.0,500,9433.333097
393.0,500,9433.850584
425.0,500,9434.352684
122.0,500,9435.019136
397.0,500,9473.857898
388.0,500,9474.319438
348.0,500,9474.87443
401.0,500,9475.447845
394.0,500,9513.767135
424.0,500,9514.22759
420.0,500,9514.690814
413.0,500,9515.173378
434.0,500,9553.359
341.0,500,9553.822881
437.0,500,9554.290013
424.0,500,9554.761501
406.0,500,9592.493304
430.0,500,9593.009652
418.0,500,9593.51613
426.0,500,9593.985642
434.0,500,9633.569726
405.0,500,9634.04363
337.0,500,9634.634903
368.0,500,9635.207747
412.0,500,9675.363325
426.0,500,9675.866532
404.0,500,9676.331153
381.0,500,9676.803885
343.0,500,9677.273579
294.0,500,9715.162105
407.0,500,9715.645745
425.0,500,9716.184394
376.0,500,9716.651855
404.0,500,9754.370449
202.0,500,9755.002299
398.0,500,9755.484843
404.0,500,9755.96842
428.0,500,9794.797237
0.0,500,9795.380949
435.0,500,9795.868559
429.0,500,9796.342617
287.0,500,9835.383803
418.0,500,9835.934861
408.0,500,9836.395548
369.0,500,9836.859603
211.0,500,9874.402377
425.0,500,9874.872015
433.0,500,9875.446469
385.0,500,9875.905392
314.0,500,9918.719875
401.0,500,9919.416622
406.0,500,9920.036105
387.0,500,9920.574208
420.0,500,9961.932775
400.0,500,9962.591914
409.0,500,9963.05983
312.0,500,9963.605195
391.0,500,10003.134848
399.0,500,10003.616408
314.0,500,10004.128346
436.0,500,10004.61888
425.0,500,10045.432389
440.0,500,10045.977911
419.0,500,10046.533689
410.0,500,10047.019546
427.0,500,10090.326974
385.0,500,10090.855545
289.0,500,10091.334619
429.0,500,10091.807913
440.0,500,10132.898139
298.0,500,10133.392424
380.0,500,10133.905589
409.0,500,10134.380591
318.0,500,10134.934474
326.0,500,10177.530012
431.0,500,10178.032097
428.0,500,10178.593573
416.0,500,10179.17009
415.0,500,10223.1582
434.0,500,10223.713325
350.0,500,10224.47684
369.0,500,10224.994216
357.0,500,10268.311327
378.0,500,10268.893609
398.0,500,10269.427768
424.0,500,10270.054883
405.0,500,10314.611514
414.0,500,10315.180405
405.0,500,10315.913193
426.0,500,10316.595195
442.0,500,10358.936872
422.0,500,10359.430625
373.0,500,10359.917503
386.0,500,10360.406881
301.0,500,10400.312859
428.0,500,10400.826803
385.0,500,10401.413521
363.0,500,10401.918213
328.0,500,10444.249935
362.0,500,10444.759832
355.0,500,10445.243369
427.0,500,10445.751419
434.0,500,10489.607816
423.0,500,10490.240235
417.0,500,10490.779136
440.0,500,10491.345601
420.0,500,10533.775526
405.0,500,10534.268049
398.0,500,10534.749408
422.0,500,10535.213509
412.0,500,10575.243729
392.0,500,10575.724535
340.0,500,10576.18615
433.0,500,10576.655607
412.0,500,10577.124053
409.0,500,10614.476058
377.0,500,10614.954397
418.0,500,10615.467793
429.0,500,10615.968296
429.0,500,10653.957655
430.0,500,10654.424608
419.0,500,10654.889064
295.0,500,10655.357817
380.0,500,10693.710133
435.0,500,10694.195213
400.0,500,10694.832893
417.0,500,10695.292791
329.0,500,10733.42297
356.0,500,10733.892809
404.0,500,10734.361292
372.0,500,10734.979608
373.0,500,10772.44807
404.0,500,10772.916936
406.0,500,10773.413667
411.0,500,10773.940697
392.0,500,10810.729402
426.0,500,10811.211156
318.0,500,10811.690878
445.0,500,10812.15863
419.0,500,10848.773516
173.0,500,10849.243867
400.0,500,10849.715675
414.0,500,10850.182609
261.0,500,10887.450041
403.0,500,10887.910512
370.0,500,10888.370346
313.0,500,10888.832237
377.0,500,10927.015909
429.0,500,10927.479918
338.0,500,10928.063933
397.0,500,10928.528065
297.0,500,10966.880588
402.0,500,10967.577266
322.0,500,10968.069063
389.0,500,10968.547418
390.0,500,11005.935397
393.0,500,11006.399571
292.0,500,11006.91742
419.0,500,11007.410738
425.0,500,11007.894161
409.0,500,11043.379654
410.0,500,11043.879225
262.0,500,11044.342359
368.0,500,11044.813699
427.0,500,11081.00401
411.0,500,11081.471856
440.0,500,11081.934193
437.0,500,11082.397021
407.0,500,11119.833241
273.0,500,11120.307657
407.0,500,11120.780793
411.0,500,11121.342036
287.0,500,11159.254251
359.0,500,11159.790645
422.0,500,11160.374349
326.0,500,11160.838038
426.0,500,11199.527884
428.0,500,11200.038415
388.0,500,11200.706826
425.0,500,11201.251926
383.0,500,11238.111321
200.0,500,11238.579455
354.0,500,11239.046037
347.0,500,11239.514542
423.0,500,11276.314543
416.0,500,11276.814566
432.0,500,11277.52613
411.0,500,11278.110586
381.0,500,11315.719168
256.0,500,11316.191211
400.0,500,11316.7166
376.0,500,11317.297821
388.0,500,11354.259733
407.0,500,11355.014173
409.0,500,11355.54387
411.0,500,11356.108153
407.0,500,11393.278953
408.0,500,11393.907451
415.0,500,11394.544422
414.0,500,11395.067106
428.0,500,11395.552669
391.0,500,11434.337608
394.0,500,11434.802318
429.0,500,11435.462354
390.0,500,11435.957165
426.0,500,11474.888731
403.0,500,11475.519158
434.0,500,11475.986462
402.0,500,11476.449156
270.0,500,11514.815284
414.0,500,11515.339837
437.0,500,11515.801643
400.0,500,11516.269514
377.0,500,11553.061664
397.0,500,11553.53502
329.0,500,11554.011837
434.0,500,11554.4784
424.0,500,11592.644663
433.0,500,11593.152246
419.0,500,11593.784647
412.0,500,11594.250849
424.0,500,11631.758141
295.0,500,11632.222095
417.0,500,11632.686967
388.0,500,11633.167531
373.0,500,11670.731534
405.0,500,11671.363687
424.0,500,11671.846279
413.0,500,11672.311085
362.0,500,11710.320663
424.0,500,11710.782037
346.0,500,11711.244138
433.0,500,11711.704984
417.0,500,11748.367751
405.0,500,11748.989071
423.0,500,11749.46575
412.0,500,11749.928983
267.0,500,11786.775816
427.0,500,11787.244366
366.0,500,11787.720635
418.0,500,11788.18756
424.0,500,11826.057121
411.0,500,11826.703705
301.0,500,11827.163548
420.0,500,11827.623242
423.0,500,11828.082062
396.0,500,11864.79442
368.0,500,11865.385642
431.0,500,11865.961849
372.0,500,11866.47147
360.0,500,11903.565988
398.0,500,11904.238159
351.0,500,11904.700933
394.0,500,11905.171895
382.0,500,11941.963105
238.0,500,11942.426114
354.0,500,11942.889209
398.0,500,11943.352306
380.0,500,11980.021916
399.0,500,11980.484245
424.0,500,11980.952297
425.0,500,11981.414771
266.0,500,12018.732
366.0,500,12019.437935
392.0,500,12019.946989
169.0,500,12020.412591
364.0,500,12056.995334
313.0,500,12057.482511
404.0,500,12057.944337
420.0,500,12058.456754
427.0,500,12096.281849
290.0,500,12096.795865
394.0,500,12097.314916
365.0,500,12097.928254
412.0,500,12134.64934
411.0,500,12135.222433
218.0,500,12135.688912
420.0,500,12136.152244
228.0,500,12172.936875
415.0,500,12173.461696
415.0,500,12174.007539
395.0,500,12174.470743
392.0,500,12213.886457
394.0,500,12214.410264
388.0,500,12214.87426
429.0,500,12215.388275
428.0,500,12215.86919
420.0,500,12251.646576
353.0,500,12252.220461
390.0,500,12252.700051
421.0,500,12253.167273
417.0,500,12291.941052
396.0,500,12292.559036
421.0,500,12293.10112
328.0,500,12293.563138
376.0,500,12330.620849
440.0,500,12331.095838
426.0,500,12331.579728
442.0,500,12332.051632
388.0,500,12369.441438
418.0,500,12370.141096
136.0,500,12370.613239
297.0,500,12371.083154
436.0,500,12409.531513
423.0,500,12409.996221
405.0,500,12410.469147
418.0,500,12410.935857
125.0,500,12449.068801
236.0,500,12449.598135
191.0,500,12450.061318
405.0,500,12450.556831
373.0,500,12491.170111
428.0,500,12491.809983
418.0,500,12492.415073
413.0,500,12492.981446
402.0,500,12530.24394
360.0,500,12530.704026
431.0,500,12531.163357
181.0,500,12531.669812
350.0,500,12569.386104
423.0,500,12569.854181
372.0,500,12570.320498
434.0,500,12570.885256
220.0,500,12608.019698
429.0,500,12608.670304
341.0,500,12609.150095
386.0,500,12609.826775
406.0,500,12610.355605
437.0,500,12650.480768
243.0,500,12650.954304
286.0,500,12651.425987
419.0,500,12652.135076
426.0,500,12691.263997
381.0,500,12691.749308
424.0,500,12692.22905
427.0,500,12692.704528
418.0,500,12732.160095
391.0,500,12732.757446
444.0,500,12733.272092
426.0,500,12733.731484
415.0,500,12770.981371
359.0,500,12771.471875
366.0,500,12772.084009
411.0,500,12772.587225
418.0,500,12809.719474
361.0,500,12810.3628
440.0,500,12810.830699
397.0,500,12811.453115
393.0,500,12849.836282
349.0,500,12850.301785
395.0,500,12850.783365
348.0,500,12851.256665
339.0,500,12889.04311
149.0,500,12889.50904
447.0,500,12889.977883
404.0,500,12890.528787
413.0,500,12927.786687
405.0,500,12928.494991
392.0,500,12929.011292
330.0,500,12929.573901
427.0,500,12968.812114
402.0,500,12969.282475
292.0,500,12970.016934
423.0,500,12970.499761
196.0,500,13012.053616
387.0,500,13012.659247
208.0,500,13013.140595
415.0,500,13013.760048
430.0,500,13055.767544
418.0,500,13056.257452
411.0,500,13056.761824
404.0,500,13057.493995
343.0,500,13058.117876
123.0,500,13096.996202
433.0,500,13097.585166
432.0,500,13098.281111
407.0,500,13098.796837
430.0,500,13139.042116
256.0,500,13139.510393
426.0,500,13139.982479
443.0,500,13140.548685
88.0,500,13179.889965
399.0,500,13180.353353
410.0,500,13180.811274
441.0,500,13181.272976
175.0,500,13222.274533
376.0,500,13222.735314
298.0,500,13223.320006
415.0,500,13223.793331
233.0,500,13263.684567
403.0,500,13264.290212
431.0,500,13264.911963
417.0,500,13265.541569
441.0,500,13303.274862
394.0,500,13303.734618
395.0,500,13304.206248
383.0,500,13304.668596
430.0,500,13343.390055
324.0,500,13343.871459
426.0,500,13344.348172
406.0,500,13344.813111
442.0,500,13382.081599
330.0,500,13382.642034
441.0,500,13383.109928
439.0,500,13383.616739
281.0,500,13422.503081
429.0,500,13423.082589
402.0,500,13423.579666
390.0,500,13424.070339
400.0,500,13465.414276
354.0,500,13466.119536
439.0,500,13466.678577
395.0,500,13467.199798
412.0,500,13467.756816
437.0,500,13507.895278
395.0,500,13508.363982
349.0,500,13508.834509
347.0,500,13509.299448
436.0,500,13548.938841
428.0,500,13549.556022
424.0,500,13550.124388
405.0,500,13550.594987
441.0,500,13592.668072
203.0,500,13593.205916
405.0,500,13593.673044
430.0,500,13594.143615
55.0,500,13632.656173
330.0,500,13633.125158
426.0,500,13633.620675
388.0,500,13634.184765
235.0,500,13672.141564
331.0,500,13672.664693
440.0,500,13673.193755
416.0,500,13673.694075
274.0,500,13713.301129
207.0,500,13713.854191
378.0,500,13714.457684
386.0,500,13715.164683
439.0,500,13758.497397
367.0,500,13759.090123
439.0,500,13759.629685
425.0,500,13760.134533
404.0,500,13800.267625
126.0,500,13800.915506
436.0,500,13801.561931
297.0,500,13802.069784
421.0,500,13843.720404
433.0,500,13844.189645
100.0,500,13844.66055
362.0,500,13845.148246
282.0,500,13884.165799
396.0,500,13884.626194
432.0,500,13885.207086
343.0,500,13885.701504
431.0,500,13925.551194
346.0,500,13926.124974
424.0,500,13926.594978
298.0,500,13927.222673
382.0,500,13927.721654
441.0,500,13967.087683
442.0,500,13967.672955
405.0,500,13968.154299
96.0,500,13968.619205
374.0,500,14009.097419
405.0,500,14009.667246
408.0,500,14010.148298
428.0,500,14010.639082
417.0,500,14048.851161
430.0,500,14049.325294
276.0,500,14049.923856
420.0,500,14050.464315
434.0,500,14090.117824
429.0,500,14090.602929
402.0,500,14091.07982
329.0,500,14091.558207
383.0,500,14132.419289
422.0,500,14132.954331
424.0,500,14133.43072
404.0,500,14133.893212
438.0,500,14172.124629
425.0,500,14172.593172
377.0,500,14173.223873
307.0,500,14173.706208
285.0,500,14213.692412
411.0,500,14214.155306
445.0,500,14214.617349
384.0,500,14215.084619
408.0,500,14253.977432
440.0,500,14254.48153
192.0,500,14254.966908
430.0,500,14255.481801
42.0,500,14296.887178
412.0,500,14297.370229
401.0,500,14297.894727
439.0,500,14298.355846
423.0,500,14338.669575
401.0,500,14339.18499
423.0,500,14339.665635
299.0,500,14340.178019
0.0,500,14340.688421
431.0,500,14379.080381
425.0,500,14379.625573
402.0,500,14380.106007
412.0,500,14380.579958
385.0,500,14421.229196
367.0,500,14421.696246
235.0,500,14422.180714
386.0,500,14422.787817
400.0,500,14460.310378
433.0,500,14460.830289
358.0,500,14461.318856
309.0,500,14461.782933
410.0,500,14502.702441
420.0,500,14503.514601
418.0,500,14504.104785
402.0,500,14504.61836
392.0,500,14547.704474
276.0,500,14548.193381
398.0,500,14548.6759
364.0,500,14549.221017
435.0,500,14588.719256
393.0,500,14589.259998
405.0,500,14589.86667
406.0,500,14590.386158
415.0,500,14631.176519
378.0,500,14631.763669
377.0,500,14632.224749
428.0,500,14632.806535
413.0,500,14675.279698
204.0,500,14675.883025
419.0,500,14676.411903
227.0,500,14676.911462
332.0,500,14716.732329
99.0,500,14717.367597
439.0,500,14717.891004
445.0,500,14718.570221
400.0,500,14761.315646
397.0,500,14762.126278
420.0,500,14762.666453
407.0,500,14763.204319
413.0,500,14763.806939
415.0,500,14802.932454
446.0,500,14803.459546
380.0,500,14804.043781
416.0,500,14804.544877
434.0,500,14842.430119
386.0,500,14842.955982
436.0,500,14843.472402
420.0,500,14843.945814
290.0,500,14882.76101
299.0,500,14883.254265
436.0,500,14883.737183
403.0,500,14884.231606
436.0,500,14925.560312
275.0,500,14926.030536
432.0,500,14926.499088
427.0,500,14926.996299
414.0,500,14965.22602
376.0,500,14965.702668
427.0,500,14966.217638
103.0,500,14966.907743
421.0,500,15003.818763
358.0,500,15004.318545
427.0,500,15004.84539
374.0,500,15005.309499
433.0,500,15042.511887
364.0,500,15042.989696
449.0,500,15043.46653
423.0,500,15044.089355
383.0,500,15081.140357
399.0,500,15081.661362
411.0,500,15082.13368
421.0,500,15082.606782
424.0,500,15118.599647
347.0,500,15119.062769
237.0,500,15119.536248
398.0,500,15120.112709
168.0,500,15156.970886
426.0,500,15157.451604
419.0,500,15158.210784
387.0,500,15158.67521
301.0,500,15195.722004
421.0,500,15196.274203
383.0,500,15196.847584
438.0,500,15197.320807
433.0,500,15197.792587
418.0,500,15236.583169
440.0,500,15237.092424
28.0,500,15237.60451
438.0,500,15238.181094
285.0,500,15273.828869
218.0,500,15274.331702
191.0,500,15274.794513
425.0,500,15275.255258
450.0,500,15312.583734
408.0,500,15313.062595
428.0,500,15313.571328
324.0,500,15314.179222
415.0,500,15353.492145
378.0,500,15353.988772
438.0,500,15354.497538
438.0,500,15355.064358
90.0,500,15392.079792
408.0,500,15392.589491
430.0,500,15393.069058
436.0,500,15393.595782
419.0,500,15430.882313
389.0,500,15431.362223
445.0,500,15431.82446
421.0,500,15432.285857
171.0,500,15470.886383
427.0,500,15471.40071
403.0,500,15471.866276
429.0,500,15472.459734
410.0,500,15509.426824
445.0,500,15509.891209
203.0,500,15510.369814
431.0,500,15510.832726
428.0,500,15549.059061
443.0,500,15549.743561
373.0,500,15550.273291
429.0,500,15550.736253
321.0,500,15587.363962
427.0,500,15587.846873
423.0,500,15588.319212
394.0,500,15588.870782
312.0,500,15589.342913
320.0,500,15626.48717
451.0,500,15626.955528
430.0,500,15627.498028
233.0,500,15628.019883
425.0,500,15666.182786
443.0,500,15666.642805
392.0,500,15667.10071
292.0,500,15667.559922
436.0,500,15704.778502
387.0,500,15705.240886
426.0,500,15705.704438
389.0,500,15706.393002
433.0,500,15742.728227
377.0,500,15743.355317
420.0,500,15743.859858
419.0,500,15744.441937
285.0,500,15782.03764
400.0,500,15782.500737
346.0,500,15782.962853
313.0,500,15783.42685
406.0,500,15819.913813
203.0,500,15820.397913
423.0,500,15820.861692
422.0,500,15821.34437
425.0,500,15858.575904
424.0,500,15859.044073
420.0,500,15859.544688
432.0,500,15860.200052
438.0,500,15897.621575
397.0,500,15898.081208
422.0,500,15898.540233
404.0,500,15898.998074
324.0,500,15936.321068
248.0,500,15936.797038
447.0,500,15937.269661
441.0,500,15937.72811
196.0,500,15973.149645
341.0,500,15973.758807
145.0,500,15974.273731
227.0,500,15974.80807
436.0,500,16011.415408
409.0,500,16011.913337
433.0,500,16012.38964
411.0,500,16012.896643
427.0,500,16013.401264
0.0,500,16050.813311
443.0,500,16051.297763
411.0,500,16051.766661
417.0,500,16052.230968
445.0,500,16089.824065
435.0,500,16090.283257
417.0,500,16090.740333
443.0,500,16091.205303
439.0,500,16130.20839
383.0,500,16130.666224
426.0,500,16131.291493
380.0,500,16131.756451
434.0,500,16169.166904
429.0,500,16169.708313
378.0,500,16170.164916
423.0,500,16170.626196
436.0,500,16207.045216
440.0,500,16207.597103
395.0,500,16208.056403
412.0,500,16208.515906
429.0,500,16245.975169
449.0,500,16246.442421
430.0,500,16246.904839
447.0,500,16247.367657
404.0,500,16285.536785
421.0,500,16286.051973
345.0,500,16286.618314
347.0,500,16287.086219
396.0,500,16324.75914
443.0,500,16325.224664
176.0,500,16325.690995
376.0,500,16326.16898
291.0,500,16362.692798
303.0,500,16363.185247
352.0,500,16363.757683
436.0,500,16364.225258
430.0,500,16402.227884
410.0,500,16402.710919
320.0,500,16403.203666
369.0,500,16403.704348
0.0,500,16404.207091
432.0,500,16442.394499
439.0,500,16443.039296
222.0,500,16443.518014
382.0,500,16444.011062
406.0,500,16481.376081
440.0,500,16481.842475
442.0,500,16482.315825
443.0,500,16482.79021
0.0,500,16520.625375
433.0,500,16521.092932
378.0,500,16521.5586
361.0,500,16522.209642
278.0,500,16559.338053
400.0,500,16559.966242
443.0,500,16560.489055
436.0,500,16560.990012
369.0,500,16598.969525
432.0,500,16599.450877
446.0,500,16599.914678
438.0,500,16600.378341
429.0,500,16637.963284
377.0,500,16638.486373
449.0,500,16639.029763
437.0,500,16639.495645
422.0,500,16677.54458
201.0,500,16678.007226
425.0,500,16678.488815
439.0,500,16678.976124
441.0,500,16715.48828
421.0,500,16716.197286
401.0,500,16716.799581
318.0,500,16717.268564
418.0,500,16755.161319
427.0,500,16755.690231
444.0,500,16756.157363
405.0,500,16756.621169
439.0,500,16793.864855
425.0,500,16794.484382
286.0,500,16795.103613
423.0,500,16795.709516
425.0,500,16834.672046
431.0,500,16835.233323
416.0,500,16835.703216
402.0,500,16836.167639
437.0,500,16836.698949
433.0,500,16873.803337
416.0,500,16874.266617
439.0,500,16874.728504
412.0,500,16875.190392
131.0,500,16911.229354
386.0,500,16911.703548
348.0,500,16912.17421
446.0,500,16912.648989
407.0,500,16950.183369
395.0,500,16950.658866
261.0,500,16951.12596
432.0,500,16951.614095
426.0,500,16988.431723
199.0,500,16988.912204
442.0,500,16989.386207
425.0,500,16989.920386
429.0,500,17026.745136
377.0,500,17027.211071
234.0,500,17027.6782
434.0,500,17028.146623
333.0,500,17065.364269
417.0,500,17065.863521
445.0,500,17066.535497
335.0,500,17067.050955
169.0,500,17104.34734
436.0,500,17104.81076
284.0,500,17105.388775
335.0,500,17105.920038
412.0,500,17143.014417
438.0,500,17143.476512
408.0,500,17143.939374
411.0,500,17144.536484
436.0,500,17181.213111
420.0,500,17181.772732
258.0,500,17182.240688
187.0,500,17182.846943
359.0,500,17219.476797
395.0,500,17220.040138
228.0,500,17220.606956
88.0,500,17221.071481
428.0,500,17221.541049
430.0,500,17259.474283
427.0,500,17259.947851
439.0,500,17260.526903
420.0,500,17260.993981
425.0,500,17300.73848
357.0,500,17301.241924
412.0,500,17301.704423
412.0,500,17302.214166
437.0,500,17338.815873
429.0,500,17339.274304
282.0,500,17339.813238
434.0,500,17340.290292
409.0,500,17377.963682
441.0,500,17378.426737
428.0,500,17378.892081
445.0,500,17379.354731
385.0,500,17416.847727
436.0,500,17417.313685
250.0,500,17417.786812
404.0,500,17418.260197
321.0,500,17456.12922
374.0,500,17456.591376
434.0,500,17457.053034
268.0,500,17457.602711
166.0,500,17495.579468
408.0,500,17496.048546
421.0,500,17496.518484
417.0,500,17497.005314
442.0,500,17533.816992
392.0,500,17534.287894
72.0,500,17534.761473
304.0,500,17535.24188
425.0,500,17571.145504
438.0,500,17571.607361
273.0,500,17572.084682
393.0,500,17572.551369
350.0,500,17610.613969
308.0,500,17611.079566
413.0,500,17611.56965
434.0,500,17612.206221
445.0,500,17612.737633
412.0,500,17651.288097
438.0,500,17651.816333
376.0,500,17652.280761
169.0,500,17652.781842
439.0,500,17691.845997
422.0,500,17692.333398
425.0,500,17692.798927
444.0,500,17693.305991
294.0,500,17731.929423
357.0,500,17732.464617
426.0,500,17733.062564
405.0,500,17733.761204
428.0,500,17771.427755
347.0,500,17771.891455
403.0,500,17772.40825
417.0,500,17772.867286
419.0,500,17810.05305
443.0,500,17810.536025
435.0,500,17810.999555
441.0,500,17811.462796
436.0,500,17849.140654
311.0,500,17849.763489
433.0,500,17850.251638
197.0,500,17850.715366
266.0,500,17888.410059
433.0,500,17888.950757
429.0,500,17889.408736
298.0,500,17890.044046
398.0,500,17927.483734
417.0,500,17927.945876
416.0,500,17928.405355
396.0,500,17928.863446
427.0,500,17964.861371
418.0,500,17965.320663
345.0,500,17965.781087
351.0,500,17966.322257
357.0,500,18002.850572
433.0,500,18003.309878
444.0,500,18003.834806
411.0,500,18004.30518
262.0,500,18040.965497
437.0,500,18041.435036
247.0,500,18041.892915
387.0,500,18042.349309
438.0,500,18042.816948
279.0,500,18080.51014
389.0,500,18080.984604
422.0,500,18081.444371
361.0,500,18081.971655
447.0,500,18120.023412
421.0,500,18120.481757
437.0,500,18120.94067
369.0,500,18121.420952
434.0,500,18160.032322
401.0,500,18160.499261
294.0,500,18160.96799
448.0,500,18161.54362
209.0,500,18199.286556
303.0,500,18199.804749
428.0,500,18200.268949
431.0,500,18200.73768
432.0,500,18236.916398
433.0,500,18237.385063
448.0,500,18237.900109
356.0,500,18238.37177
329.0,500,18275.421883
413.0,500,18275.89291
376.0,500,18276.366716
370.0,500,18276.894453
231.0,500,18314.44031
421.0,500,18314.901105
84.0,500,18315.567141
441.0,500,18316.03126
415.0,500,18352.76218
433.0,500,18353.316174
435.0,500,18353.777762
398.0,500,18354.238952
396.0,500,18390.274492
439.0,500,18390.804228
242.0,500,18391.362176
435.0,500,18391.90398
439.0,500,18428.93646
410.0,500,18429.39915
259.0,500,18430.007526
444.0,500,18430.470661
433.0,500,18430.946746
433.0,500,18468.018854
430.0,500,18468.476068
304.0,500,18468.934916
417.0,500,18469.401572
436.0,500,18507.254973
80.0,500,18507.808166
449.0,500,18508.554011
437.0,500,18509.06672
263.0,500,18545.606247
438.0,500,18546.064427
171.0,500,18546.670566
409.0,500,18547.281498
409.0,500,18584.359992
429.0,500,18584.820713
409.0,500,18585.283509
235.0,500,18585.744871
140.0,500,18622.549868
424.0,500,18623.012535
420.0,500,18623.48332
386.0,500,18623.976641
319.0,500,18660.511376
427.0,500,18660.975648
199.0,500,18661.444319
366.0,500,18662.055901
423.0,500,18698.72625
419.0,500,18699.187168
418.0,500,18699.733533
428.0,500,18700.318244
331.0,500,18737.721965
405.0,500,18738.264497
424.0,500,18738.955475
440.0,500,18739.608716
374.0,500,18777.557018
430.0,500,18778.022822
363.0,500,18778.483873
436.0,500,18778.943882
333.0,500,18815.880679
377.0,500,18816.356709
409.0,500,18816.821954
371.0,500,18817.434097
432.0,500,18854.375701
376.0,500,18854.848008
430.0,500,18855.318027
367.0,500,18855.78896
145.0,500,18856.320554
429.0,500,18892.872803
450.0,500,18893.416351
434.0,500,18893.919247
442.0,500,18894.431444
268.0,500,18931.736574
434.0,500,18932.284771
427.0,500,18932.742122
407.0,500,18933.216386
444.0,500,18970.072935
401.0,500,18970.534638
417.0,500,18971.048025
443.0,500,18971.508842
413.0,500,19008.249814
433.0,500,19008.710498
422.0,500,19009.18059
409.0,500,19009.641848
419.0,500,19046.943041
380.0,500,19047.446577
301.0,500,19047.9243
380.0,500,19048.546581
269.0,500,19084.37495
278.0,500,19084.846417
440.0,500,19085.30911
351.0,500,19085.771001
380.0,500,19114.793495
451.0,500,19115.265962
440.0,500,19115.735094
348.0,500,19116.196336
339.0,500,19145.201609
435.0,500,19145.669006
422.0,500,19146.137635
434.0,500,19146.597188
